<?xml version="1.0" encoding="UTF-8"?>
<incse>
        <database>
                <host>10.10.0.22</host>
                <port>27017</port>
                <dbname>IITP-IOT-20th</dbname>
                <user></user>
                <password></password>
       </database>
                  
		<binding>
			<!-- default binding: http -->
			<http>
				<!-- <supported>yes</supported>  -->
				<port>8080</port>
				<sec-port>8443</sec-port> <!-- https port -->
				<rest-port>8081</rest-port>
				<netty>
					<boss-threadPool-size>0</boss-threadPool-size>
					<worker-threadPool-size>1024</worker-threadPool-size><!-- TTA 인증시, 0으로 세팅, default 1024 -->
				</netty>
			</http>

			<mqtt>
				<supported>yes</supported>  <!-- yes or no -->
				<keepalive>1200</keepalive>  <!-- seconds -->
				<!-- 
				<broker>tcp://iot.eclipse.org:1883</broker>
				
				<broker>ssl://iot.eclipse.org:8883</broker>
				-->
				
				<broker>tcp://10.10.0.22:1883</broker>
				 
			</mqtt>

			<coap>
				<supported>yes</supported>  <!-- yes or no -->
				<port>5683</port>
				<sec-port>4433</sec-port>   <!-- dtls port -->
			</coap>
			
			<websocket>
				<supported>yes</supported>
				<port>8887</port>
			</websocket>
       </binding>

		<cse>
			<host>10.10.0.22</host>
			<baseName>herit-cse</baseName>
			<resourceId>herit-in</resourceId>
			<poa>http://10.10.0.22:8080</poa>

			<default-resource-expiration-time>3</default-resource-expiration-time>	<!-- days -->
 			<allowed-subgroup-depth>3</allowed-subgroup-depth>
			<!-- 
			<host>221.163.165.156</host>
			<baseName>herit-cse</baseName>
			<resourceId>herit-in</resourceId>
			<poa>http://221.163.165.156:8080</poa>
			-->
        </cse>
        <cmdh>
                <commandTimeout>10</commandTimeout>
                <commandExpireTimerInterval>1</commandExpireTimerInterval>
        </cmdh>
		<semanticEngine>
			<protocol>http</protocol>
		    <host>10.10.224.241</host>
		    <port>80</port>
		</semanticEngine>

		<remoteCSEs>
<!--		
			<remoteCSE>
				<cseId>herit-cse</cseId>
				<cseName>herit-in</cseName>
				<cseHost>10.10.0.18</cseHost>
				<maxTPS>1</maxTPS>
				<poa>http://10.10.0.18:8080</poa>
			</remoteCSE>
		    
		    <remoteCSE>
				<cseId>/inEtri</cseId>
				<cseName>base</cseName>
				<cseHost>129.254.85.251</cseHost>
				<maxTPS>1</maxTPS>
				<poa>http://129.254.85.251:18080</poa>
			</remoteCSE>
					
			
			<remoteCSE>
				<cseId>herit-mn1</cseId>
				<cseName>herit-cse</cseName>
				<cseHost>mn1.onem2m.herit.net</cseHost>
				<maxTPS>1</maxTPS>
			</remoteCSE>
			<remoteCSE>
				<cseId>herit-mn2</cseId>
				<cseName>herit-cse</cseName>
				<cseHost>mn1.onem2m.herit.net</cseHost>
				<maxTPS>1</maxTPS>
			</remoteCSE>
			<remoteCSE>
				<cseId>herit-mn3</cseId>
				<cseName>herit-cse</cseName>
				<cseHost>mn1.onem2m.herit.net</cseHost>
				<maxTPS>1</maxTPS>
			</remoteCSE>
			 -->
		</remoteCSEs>
		<dms>
			<hitdm>
				<address>http://10.101.101.107:8888</address>
			</hitdm>
			<tr69dm>
				<address>http://10.10.0.82:7557</address>
				<timeout>3000</timeout>
			</tr69dm>
			<onem2mAgent>
				<address>http://10.10.0.81:1337</address>
			</onem2mAgent>
		</dms>
		<qos>
			<maxPollingSessionNo>-1</maxPollingSessionNo>
			<maxAENo>1024</maxAENo>
			<maxCSENo>300</maxCSENo>
		</qos>
		
		<resourcePolicy>
			<maxCIPerContainer>50</maxCIPerContainer>
			<maxCIByteSizePerContainer>102400</maxCIByteSizePerContainer>		
			<maxCIAgePerContainer>36000</maxCIAgePerContainer>
		</resourcePolicy>


</incse>

